"","종목코드","PER","PBR","배당수익률"
"1","000250","68.61","7.3",0.1
"2","000440","23.28","1.1",2.2
"3","001000","144.12","4.22",0
"4","001540","15.38","1.04",2.01
"5","001810","5.93","0.32",1.25
"6","001840","107.59","4.16",0.45
"7","002230","7.96","0.66",1.54
"8","002290","16.5","0.81",2.55
"9","002680","61.2","1.23",0
"10","002800","32.12","2.29",0.42
"11","003100","19.88","0.4",1.9
"12","003310","21.17","1.14",1.84
"13","003380","5","0.66",1.42
"14","003670","39.82","6.4",0.5
"15","003800","9.87","0.77",2.42
"16","004590","12.09","0.71",2.38
"17","004650","23.13","1.17",4.32
"18","004780","9.11","0.88",1.81
"19","005160","7.18","0.4",5.45
"20","005290","11.17","1.96",0.9
"21","005670","22.26","1.33",1.03
"22","005710","3.5","0.47",2.11
"23","005860","42.6","1.25",1.22
"24","005990","181.45","0.61",0.89
"25","006050","38.84","1.11",0
"26","006140","11.68","0.69",5.87
"27","006580","-","1.08",0.74
"28","006620","14.84","4.44",0
"29","006730","-","0.96",0
"30","006910","-","1.68",0
"31","006920","39.81","3.3",0
"32","007330","4.53","0.51",7.08
"33","007370","-","1.13",2.5
"34","007390","1,420","17.64",0
"35","007530","-","0.68",0
"36","007680","5.56","0.57",1.6
"37","007720","28.06","2.95",0
"38","007770","12.25","0.45",1.29
"39","007820","-","3.12",0.42
"40","008290","1,680","4.27",0
"41","008370","21.32","0.64",4.22
"42","008470","10.31","0.69",1.58
"43","008800","-","1.31",0
"44","008830","370.62","0.44",0.84
"45","009300","18.93","0.73",1.39
"46","009620","-","0.87",0
"47","009730","21.03","3.23",0
"48","009780","11.29","1.79",1.39
"49","010170","21.32","3.53",0
"50","011370","2.67","0.72",1.95
"51","009520","41.39","4.96",0.76
"52","011320","48.64","1.95",0
"53","010240","13.53","1.7",3.28
"54","010280","-","2.1",0
"55","010470","16.63","0.97",3.59
"56","011040","12.61","1.32",3.64
"57","011080","-","1.07",0
"58","011560","4.76","0.86",2.22
"59","012340","-","3.15",0
"60","012620","5.88","0.41",1.04
"61","012700","4.2","0.48",3.5
"62","012790","10.48","0.89",1.32
"63","012860","-","0.41",1.56
"64","013030","10.5","0.75",2.2
"65","013120","3.83","0.65",3.77
"66","013310","6.51","0.5",0
"67","013720","-","1.1",0
"68","013810","-","1.75",0
"69","013990","-","0.82",0
"70","014100","19.75","2.56",0
"71","014190","51.23","1.33",0
"72","014200","-","1.99",0
"73","014470","48.3","0.71",0
"74","014570","20.19","1.67",1.04
"75","014620","-","0.7",0.91
"76","014940","-","2.83",0
"77","014970","21.4","1.26",1.29
"78","015710","11.84","1.31",2.16
"79","015750","7.9","0.26",3.72
"80","016100","-","2.66",0
"81","016250","9.18","1.05",0.77
"82","016600","8.78","0.91",0
"83","016670","53.81","1.58",0
"84","016790","18.14","2.09",1.35
"85","016920","17.81","1.17",0.99
"86","017000","3.47","0.76",0
"87","017480","13.05","0.59",2.82
"88","017510","34.81","1.94",0.95
"89","017650","21.71","0.55",0
"90","017680","-","0.96",0
"91","017890","7.87","0.66",0.65
"92","018000","123.85","3",0
"93","018120","13.69","2.4",3.81
"94","018290","-","6.98",0
"95","018310","6.11","0.67",0.68
"96","018680","84.59","1.46",0.16
"97","019010","-","0.5",1.4
"98","019210","8.77","1.03",1.93
"99","019540","5.12","0.33",2.21
"100","019550","52.12","1.68",0
"101","019570","-","2.78",0
"102","019660","-","3.92",0
"103","019770","10.29","0.61",0
"104","019990","122.2","1.19",1
"105","020400","31.14","0.94",0.55
"106","020710","7.63","1.52",1.66
"107","021040","20","1.39",0
"108","021045","-","-",0
"109","021080","12.66","1.56",2.6
"110","021320","8.71","0.58",1.42
"111","021650","46.9","0.87",0.51
"112","022100","21.3","2.24",1.28
"113","022220","13.15","1.96",0
"114","023160","-","0.71",0.44
"115","023410","6.29","0.82",1.95
"116","023440","27.22","0.75",0
"117","023460","18.95","0.56",1.3
"118","023600","20.18","0.53",0.51
"119","023760","18.5","0.59",1.85
"120","023770","-","2.25",0
"121","023790","-","0.89",0
"122","023890","4.98","1.94",0.72
"123","023900","18.82","2.24",1.28
"124","023910","9.22","1.98",0.79
"125","024060","27.18","0.83",2.59
"126","024120","5.17","0.75",4.53
"127","024740","-","0.35",0
"128","024800","6.44","0.5",0.43
"129","024810","18","1.08",0
"130","024830","7.56","0.26",1.28
"131","024840","11.86","0.98",0
"132","024850","77","2.27",0
"133","024880","4.82","0.47",3.41
"134","024910","-","0.27",1.25
"135","024940","17.22","0.82",0.95
"136","024950","22.75","0.9",1.44
"137","025320","-","4.26",0
"138","025440","-","2.05",0
"139","025550","18.7","0.91",3.24
"140","025770","14.36","2.15",0
"141","025870","87.63","1.3",0
"142","025880","6.11","0.75",1.34
"143","025900","9.31","0.82",1.78
"144","025950","5.41","0.66",1.45
"145","025980","834.38","6.65",0
"146","026040","-","1.69",0.68
"147","026150","215.64","1.47",0
"148","026180","125.29","2.53",0
"149","026910","45.12","0.85",0
"150","027040","-","2.45",0
"151","027050","82.07","2.45",1.05
"152","027360","8.97","0.89",2.3
"153","027580","-","1.21",0
"154","027710","5.34","0.65",0
"155","027830","143.85","1.56",0
"156","028040","-","1.6",0
"157","028080","-","0.27",0
"158","029480","-","1.51",0
"159","030350","-","2.59",0
"160","030520","15.09","1.73",2.16
"161","017250","35.92","0.95",3.24
"162","018620","-","1.36",0
"163","019590","28.29","1.85",0
"164","018700","-","1.04",0
"165","021880","-","0.96",0
"166","020180","70.23","2.48",0.65
"167","028150","11.06","1.14",3.52
"168","028300","-","40.56",0
"169","029960","23.65","3.04",0.33
"170","030190","20.12","3.65",1.36
"171","030270","-","0.14",0
"172","030530","4.71","0.52",0
"173","030960","50.37","2.29",0.52
"174","031310","13.29","1.05",1.5
"175","031330","5.77","0.89",6.41
"176","031390","909.84","13.48",0.09
"177","031510","209.29","0.89",0.68
"178","031860","-","2.95",0
"179","031980","7.78","1.34",2.65
"180","032080","-","0.49",0
"181","032190","10.8","0.82",1.29
"182","032280","17.8","0.6",2.21
"183","032500","-","8.28",0
"184","032540","27.75","0.57",2.4
"185","032580","81.67","1.66",0
"186","032620","53.67","4.18",0.62
"187","032680","-","1.32",0
"188","032685","-","-",0
"189","032750","15.18","0.66",2.14
"190","032790","-","5.79",0
"191","032800","-","1.25",0
"192","032820","36.95","3.37",0
"193","032850","24.54","2.1",0
"194","032860","142.25","1.41",0
"195","032940","5.09","0.52",0
"196","032960","6.98","1.23",0.28
"197","032980","-","1.79",0
"198","033050","71.56","0.81",0
"199","033100","-","3.53",0.46
"200","033110","-","1.15",0
"201","033130","13.94","1.06",2.02
"202","033160","4","0.63",1.61
"203","033170","71.05","0.69",0
"204","033200","41.93","0.93",0
"205","033230","-","1.54",0
"206","033290","9.99","2.61",0.62
"207","033310","20.03","1.69",0
"208","033320","8.18","1.36",1.81
"209","033340","-","2.41",0
"210","033430","40.97","4.23",0
"211","033500","-","2.59",0
"212","033540","7.77","1.14",0.87
"213","033560","25.74","0.48",1.15
"214","033600","-","0.92",0
"215","033640","43.87","2.29",0.74
"216","033790","-","1.1",0
"217","033830","35.16","1.08",0.89
"218","034230","-","1.66",0.55
"219","034810","33.76","0.8",1.06
"220","034940","87.37","2.6",0
"221","034950","15.25","2.73",4.26
"222","035200","8.23","1.05",2.67
"223","035480","-","1.78",0
"224","035080","-","0.47",1.96
"225","035290","-","7.66",0
"226","035460","-","1.36",0
"227","035600","-","2.31",1.61
"228","035610","-","1.07",0
"229","035620","-","4.91",0
"230","035760","10.5","1.38",1.32
"231","035810","11.58","1.02",0.79
"232","035890","6.75","0.88",1.16
"233","035900","57.42","11.99",0
"234","036000","7.88","1.43",0
"235","036010","11.07","0.96",3.13
"236","036030","57.22","0.9",0
"237","036090","20.46","1.6",0
"238","036120","-","5.9",0
"239","036170","-","1.28",0
"240","036180","24.69","4.08",0
"241","036190","9.08","1",2.94
"242","036200","6.13","1.69",1.22
"243","036260","-","2.64",0
"244","036420","94.26","3.85",0
"245","036480","46.34","2.38",0.45
"246","036490","16.73","4.63",2.1
"247","036540","24.85","0.95",0
"248","036560","16.08","0.47",2.14
"249","036620","-","2.26",0
"250","036630","74","0.94",0
"251","036640","8.24","0.64",2.53
"252","036670","27.43","2.34",1.77
"253","036690","9","1.05",1.09
"254","036710","47.56","0.6",1.03
"255","036800","5.51","1.18",1.65
"256","036810","9.86","1.5",1.3
"257","036830","20.93","1.43",1.32
"258","036890","16.07","1.88",2.09
"259","036930","8.16","1.82",1.41
"260","037030","6.68","1.43",0
"261","037070","18.23","0.99",4.38
"262","037230","19.61","1.34",1.34
"263","037330","34.82","0.51",3.78
"264","037350","4.05","0.5",2.5
"265","037370","-","2.08",0.35
"266","037400","-","0.37",0
"267","037440","19.76","1.54",1.76
"268","037460","6.29","1.09",1.09
"269","037760","12.47","1.13",1.32
"270","037950","27.29","2.12",2.09
"271","038010","10.69","0.56",1.82
"272","038060","44.57","0.69",0
"273","038070","36.38","1.48",0.95
"274","038110","-","0.27",0
"275","038160","47.57","2.01",0
"276","038290","33.56","3.52",0
"277","038340","-","10.91",0
"278","038390","16.13","1.04",3.54
"279","038460","17.52","1.32",0
"280","038500","14.5","0.83",1.02
"281","038530","-","6.12",0
"282","038540","9.07","3.21",0
"283","038620","28.89","1.24",1.54
"284","038680","50.21","1.15",1.06
"285","038870","-","1.78",0
"286","038880","-","4.21",0
"287","038950","-","0.43",1.37
"288","039010","6.46","1.65",1.75
"289","039020","16.5","0.51",1.42
"290","039030","15.77","1.89",0.36
"291","039200","-","21.73",0
"292","039230","-","2.42",0
"293","039240","12.65","0.66",3.26
"294","039290","42.54","1.4",0.6
"295","039310","-","1.08",0
"296","039340","7.64","1.05",1.62
"297","039420","24.8","2.16",0.99
"298","039440","6.68","1.99",2
"299","039560","-","1.37",0
"300","039610","65.79","2.18",0
"301","039670","-","1.27",0
"302","039740","-","0.57",0
"303","039830","8.72","1.2",1.01
"304","039840","46.33","4.19",0
"305","039860","-","5.52",0
"306","039980","17.54","1.21",0
"307","040160","-","1.69",0
"308","040300","21.25","0.51",0.87
"309","040350","-","2",0
"310","040420","12.94","1.74",6.03
"311","040610","-","0.35",0
"312","040910","7.61","1.44",1.28
"313","041020","-","1.27",0
"314","041140","-","3.85",0
"315","041190","64.55","4.06",0.7
"316","041440","7.53","0.72",1.48
"317","041460","24.49","2.96",1
"318","041510","232.75","2.94",0
"319","041520","-","0.47",2.55
"320","041590","-","1.03",0
"321","041830","17.66","3.25",0.48
"322","041910","71.67","1.33",0.53
"323","041920","17.07","1.47",0.63
"324","041930","8.22","0.8",1.03
"325","041960","-","13.82",0
"326","042000","218.88","81.19",0
"327","042040","-","1.38",0
"328","042110","26.32","0.94",1.58
"329","042370","21.48","1.09",0
"330","042420","-","0.41",0
"331","042500","11.6","1.07",0
"332","042510","23.3","4.97",0
"333","042520","30.02","4.58",0.4
"334","042600","19.85","0.84",0.84
"335","042940","-","2.64",0
"336","043090","332.5","6.75",0
"337","043100","-","0.83",0
"338","043150","4.71","1.9",0.4
"339","043200","-","1.31",0
"340","043220","-","1.67",0
"341","043260","59.12","0.75",0
"342","043290","-","1.94",0
"343","043340","121.67","2.75",0
"344","043360","47.46","0.54",1.73
"345","043370","2.26","0.33",1.99
"346","043590","-","0.82",0
"347","043610","-","2.81",0
"348","043650","6.96","0.32",4.34
"349","043710","-","1.73",0
"350","043910","-","2.8",0
"351","044060","28.72","1.87",0.83
"352","044180","-","0.93",0
"353","044340","21.39","2.66",1.26
"354","044480","-","4.9",0
"355","044490","-","0.35",0
"356","044780","82.5","0.59",0
"357","044960","28.25","1.41",0.52
"358","045060","8.11","0.83",1.9
"359","045100","7.84","1.16",1.96
"360","045300","6.81","0.98",1.12
"361","045340","77.24","4.04",0
"362","045390","94.95","7.58",0.21
"363","045510","-","1.84",0
"364","045520","21.59","3.33",0.92
"365","045660","5.12","1",1.25
"366","045890","-","2.28",0
"367","045970","22.62","0.93",0
"368","046070","-","1.06",1.94
"369","046110","3.9","1.16",1.25
"370","046120","43.93","2.4",0
"371","046140","-","0.84",0
"372","046210","-","7.09",0
"373","046310","17.92","1.52",0
"374","046390","88.42","1.86",0
"375","046440","15.93","1.18",2.46
"376","046890","34.86","2.39",0.75
"377","046940","-","1.41",1.76
"378","046970","-","2.04",0
"379","047080","57.08","3.46",0
"380","047310","27.06","1.84",0
"381","047560","-","3.03",0
"382","047770","59.46","4.49",0
"383","047820","-","1.47",0
"384","047920","-","3.57",0
"385","048260","72.45","6.65",0
"386","048410","162.43","6.34",0
"387","048430","23.37","0.8",0.91
"388","048470","19.11","1.83",0.59
"389","048530","-","15.4",0
"390","048550","-","1.8",0
"391","048770","15.07","2.22",0.54
"392","048830","17.81","1.02",1.3
"393","048870","-","3.86",0
"394","048910","18.28","1.83",0
"395","049070","14.06","0.61",1.47
"396","049080","-","1.19",0
"397","049120","-","1.26",1.06
"398","049180","-","4.01",0
"399","049430","7.43","0.6",1.64
"400","049470","-","1.08",0
"401","049480","62.38","1.22",0.6
"402","049520","7.25","0.64",9.82
"403","049550","-","1.19",0
"404","049630","-","4.44",0
"405","049720","15.5","3.31",5
"406","049830","25.92","0.55",0.71
"407","049950","16.78","5.4",0.61
"408","049960","12.29","3.09",1.85
"409","050090","-","1.55",0
"410","050110","-","1.86",0
"411","050120","46.43","1.11",0
"412","050320","-","15.12",0
"413","050540","152.35","1.86",0
"414","050760","-","0.86",1.06
"415","050860","36.29","1.12",1.18
"416","050890","-","1.92",0
"417","050960","10.88","0.65",1.84
"418","051160","-","7.77",0
"419","051360","8.97","0.72",2.23
"420","051370","7.62","0.93",0
"421","051380","12.25","1.23",1.03
"422","051390","13.01","0.63",2.59
"423","051490","33.81","0.96",1.53
"424","051500","-","2.21",0.6
"425","051980","70","1.88",0
"426","052020","-","36.44",0
"427","052190","-","0.74",0
"428","052220","-","1.39",0
"429","052260","20.78","1.81",1.51
"430","052300","17.21","0.83",0
"431","052330","10.03","0.87",2.05
"432","052400","-","1.36",0
"433","052420","70.94","0.96",0
"434","052460","16.85","1.25",3.37
"435","052600","24.59","0.93",3.36
"436","052670","74.27","2.02",0
"437","052710","8.21","1.08",0
"438","052770","-","89.44",0
"439","052790","-","1.23",0
"440","052860","9.21","1.52",0
"441","052900","-","0.97",0
"442","053030","-","2.67",0
"443","053050","8.76","0.76",2.51
"444","053060","-","0.68",0
"445","053110","-","1.79",0
"446","053160","29.95","0.89",0.78
"447","053260","22.98","0.69",2.52
"448","053270","24.55","0.72",2.65
"449","053280","-","1.14",2.41
"450","053290","49.32","0.79",1.54
"451","053300","25.2","1.88",1.12
"452","053350","12.43","0.96",0
"453","053450","-","0.79",0
"454","053580","44.14","9.97",0.45
"455","053590","-","1.79",0
"456","053610","6.45","1.23",1.06
"457","053620","12.33","0.61",0.93
"458","053660","-","4.87",0
"459","053700","17.54","0.61",0.85
"460","053800","27.96","2.85",1.53
"461","053950","-","12.68",0
"462","053980","42.91","2.62",0
"463","054040","-","0.47",4.34
"464","054050","21.35","1.14",1.44
"465","054090","-","0.71",0
"466","054180","-","5.03",0
"467","054210","-","0.52",0
"468","054220","-","0.56",0
"469","054300","17.38","1.58",0
"470","054340","-","0.87",0
"471","054410","5.95","0.79",1
"472","054450","72.79","1.63",1.01
"473","054540","27.43","0.65",1.34
"474","054620","0.11","0.36",0
"475","054630","51.62","1.34",0
"476","054670","-","3.04",0
"477","054780","-","4.57",0
"478","054800","11.38","0.74",1.05
"479","054920","30.28","0.78",0
"480","054930","65.69","1.11",0.6
"481","054940","-","0.76",0
"482","054950","19.76","1.96",0.8
"483","056000","191.54","1.77",0
"484","056080","-","2.18",0
"485","056090","-","1.47",0
"486","056190","7.95","2.04",2.83
"487","056360","10.36","0.75",1.39
"488","056700","-","0.55",0
"489","056730","-","1.6",0
"490","057030","-","1.99",1.9
"491","057500","6.87","3.78",0
"492","057540","13.9","1.21",0
"493","057680","-","3.75",0
"494","057880","-","2.03",0
"495","058110","-","2.6",0
"496","058220","-","2.64",0
"497","058400","12.47","0.64",2.78
"498","058420","-","2.84",0
"499","058450","-","1.16",0
"500","058470","19.69","3.52",1.9
"501","058530","-","0.92",0
"502","058610","-","1.72",0.62
"503","058630","25.77","2",0
"504","058820","-","5.02",0
"505","059090","28.15","4.19",0
"506","059100","-","1.46",0
"507","059120","10.9","1.7",2.46
"508","059210","-","1.63",0.29
"509","060150","82.02","1.5",0
"510","060230","-","3.8",0
"511","060240","-","1.82",0
"512","060250","27.28","2.89",0
"513","060260","-","2.47",0
"514","060280","-","3.21",0
"515","060300","-","0.51",0
"516","060310","-","3.3",0
"517","060370","8.93","0.72",1.4
"518","060380","10.56","0.65",4.42
"519","060480","26.53","2.11",0.96
"520","060540","8.3","0.79",2.26
"521","060560","-","1.34",2.97
"522","060570","-","3.74",0
"523","060590","-","2.07",0
"524","060720","-","0.9",0
"525","060900","-","4.98",0
"526","061040","32.6","1.03",0.78
"527","061250","35.89","1.04",2.12
"528","061970","28.46","2.26",0
"529","062860","-","0.42",3.13
"530","063080","43.15","1.46",0
"531","063170","47.77","2.26",0.85
"532","063440","85.25","1.57",0
"533","063570","16.16","2.07",1.14
"534","063760","5.58","1.79",0
"535","064090","9.38","2.11",0
"536","064240","-","1.74",0
"537","064260","17.49","1.2",0
"538","064290","-","2.91",0
"539","064480","-","0.97",2.87
"540","064510","-","2.27",0
"541","064520","-","0.74",0
"542","064550","-","5.88",0
"543","064760","17.97","4.61",1.22
"544","064800","35.56","1.25",0
"545","064820","65.97","0.41",0
"546","065170","-","3.6",0
"547","051780","-","1.52",0
"548","065060","-","1.23",0
"549","065130","10.49","0.93",0.54
"550","065150","-","3.19",0
"551","065160","-","0.08",0
"552","065350","6.63","0.76",1.75
"553","065420","-","2.09",0
"554","065440","-","1.65",0
"555","065450","-","1.81",0
"556","065500","-","0.9",0
"557","065510","31.72","1.28",1.76
"558","065530","34.15","1.94",1.79
"559","065560","210.85","2.15",0
"560","065570","18.13","0.64",4.52
"561","065620","-","5.25",0
"562","065650","-","6.2",0
"563","065660","873.68","13.54",0
"564","065680","7.29","0.5",2.74
"565","065690","-","0.52",0
"566","065710","10.85","1.12",6.92
"567","065770","46.13","2.44",0
"568","065940","-","0.57",0
"569","065950","-","1.87",0
"570","066110","-","1.11",0
"571","066130","15.26","0.86",0.91
"572","066310","53.74","0.77",1.02
"573","066360","2.96","0.68",3.91
"574","066410","42.98","1.6",0
"575","066430","-","7.99",0
"576","066590","26.76","2.34",0.53
"577","066620","8.87","1.22",1.73
"578","066670","14.87","0.5",2.51
"579","066700","271.11","4.26",0
"580","066790","-","1.1",0
"581","066900","11.36","0.77",0
"582","066910","-","3.03",0
"583","066970","38.47","7.5",0.27
"584","066980","-","1.25",0
"585","067000","-","4.43",0
"586","067010","10.16","0.79",4.41
"587","067080","31.01","5.27",0.68
"588","067160","33.74","7.76",0.79
"589","067170","8.56","1.48",0.8
"590","067280","24.58","3.6",0.98
"591","067290","-","6.96",0.85
"592","067310","-","0.76",0
"593","067390","137.37","2.03",0
"594","067570","12.97","0.45",6
"595","067630","58.01","9.48",0
"596","067730","44.58","1.82",2.53
"597","067770","-","0.56",0
"598","067900","8.53","0.91",0
"599","067920","10.99","1.22",1.52
"600","067990","41.58","1.09",0
"601","068050","-","1.14",0
"602","068240","54.58","2.17",0.32
"603","068330","48.66","2.5",0
"604","068760","-","6.28",0
"605","068790","32.57","0.95",0.9
"606","068930","22.34","2.71",2.38
"607","068940","-","2.33",0
"608","069080","20.57","2.6",0
"609","069110","162.5","2.77",0
"610","069140","1,113.33","1.52",0
"611","069330","-","0.47",0
"612","069410","-","2.46",0
"613","069510","9.97","1.03",4.26
"614","069540","-","2.16",0
"615","069920","2.86","1.43",0
"616","070300","5.82","1.19",0
"617","070590","12.32","1.24",0
"618","071200","107.78","2.34",0
"619","071280","23.44","1.21",0.38
"620","071460","21.5","0.99",1.79
"621","071670","-","1.28",0
"622","071850","16.19","0.45",2.58
"623","072020","35.31","2.5",0.28
"624","072470","46.06","0.81",0.85
"625","072520","-","4.33",0
"626","072770","-","2.44",0
"627","072870","-","0.57",6.11
"628","072950","10.7","0.72",1.56
"629","072990","702.63","1.43",0
"630","073010","-","3.44",0
"631","073070","70.92","8.03",0
"632","073110","5.79","0.54",2.16
"633","073190","17.96","0.77",0
"634","073490","-","2.14",0
"635","073540","-","1.01",0
"636","073560","4.5","0.75",0
"637","073570","-","2.41",0
"638","073640","-","6.62",0
"639","074430","316.67","3.7",0
"640","074600","12.41","2.1",0
"641","075130","-","0.7",2.82
"642","075970","25.39","0.91",2.23
"643","076080","-","0.67",0
"644","076610","-","0.74",0
"645","077280","21.16","0.64",0
"646","077360","13.14","0.67",0
"647","078020","7.64","0.86",5.84
"648","078070","1.66","1.15",0
"649","078130","74","2.24",0
"650","078140","11.48","1.18",0.68
"651","078150","7.83","1.94",1.04
"652","078160","-","4.29",0
"653","078340","10.51","2.03",1.17
"654","078350","-","0.85",0
"655","078590","18.91","2.84",0
"656","078600","-","5.83",0
"657","078650","-","1.91",0
"658","078860","-","0.71",0
"659","078890","18.19","0.93",1.39
"660","078940","-","9.87",0
"661","079000","11.56","0.58",3.42
"662","079170","26.31","0.62",1.79
"663","079190","-","1.61",0
"664","079370","7.88","0.82",1.4
"665","079650","21.67","1.15",0.59
"666","079810","6.33","0.72",0
"667","079940","20.22","1.82",0.4
"668","079950","67.6","1.82",0.3
"669","079960","15.64","0.44",2.8
"670","079970","-","2.03",0
"671","080000","16.97","1.03",0
"672","080010","9.03","0.96",1.23
"673","080160","17.95","3.37",1.87
"674","080220","25.28","2.01",0
"675","080420","7.82","1.19",0
"676","080440","-","1.08",0
"677","080470","-","2.22",0.4
"678","080520","16.51","0.6",1.72
"679","080530","-","1.45",0
"680","080580","-","0.98",0
"681","080720","20.58","2.73",0
"682","081150","26.65","1",0.59
"683","081580","7.6","0.53",2.25
"684","082210","27.7","1.41",0
"685","082270","-","6.07",0
"686","082660","-","0.5",0
"687","082800","-","4.01",0
"688","082850","-","0.3",0
"689","082920","226.04","2.59",0
"690","083310","4.74","1.11",0.56
"691","083450","3.33","0.72",1.75
"692","083470","-","0.21",0
"693","083500","-","1.41",0
"694","083550","15.15","1",0.71
"695","083640","161.88","3.39",0
"696","083650","11.82","0.87",0
"697","083660","-","3.48",0
"698","083790","-","7.16",0
"699","083930","-","1.04",0
"700","084110","18.66","1.4",1.14
"701","084180","-","1.77",0
"702","084370","10.47","1.29",1.78
"703","084650","-","2.69",0
"704","084730","25.66","0.58",0
"705","084990","-","27.97",0
"706","085370","-","1.97",0.15
"707","08537M","-","-",1.04
"708","085660","-","4.29",0
"709","085670","16.65","1.48",0
"710","085810","41.2","0.71",0
"711","085910","-","1.04",8.22
"712","086250","-","1.49",0
"713","086450","12.72","1.93",0.91
"714","086520","-","5.34",0
"715","086670","20.25","1.12",1.24
"716","086040","95.73","5.01",0
"717","086060","19.47","1.01",0.63
"718","086390","12.5","3.4",1.34
"719","086820","-","63.73",0
"720","086890","-","2.97",0
"721","086900","39.36","15.42",0.42
"722","086960","15.48","1.37",1.29
"723","086980","12.81","1.47",1.54
"724","087010","-","7.83",0
"725","087260","56.06","3.32",0
"726","087600","-","0.61",1.39
"727","087730","-","9.77",0
"728","088130","9.72","0.76",1.97
"729","088290","-","1.87",0
"730","088390","0.22","0.51",0
"731","088800","-","2.99",0
"732","088910","5.42","0.6",1.26
"733","089010","-","1.17",0
"734","089030","5.55","1.48",1.9
"735","089140","19.52","1.58",1.64
"736","089150","20.29","1.02",4.14
"737","089230","-","2.54",0
"738","089530","7.24","1.45",0
"739","089600","12.37","2.54",1.99
"740","089790","-","1.51",0
"741","089850","-","0.68",0
"742","089890","9.97","7.28",0
"743","089970","11.89","5.4",0
"744","089980","31.82","2.28",0.8
"745","090150","-","0.64",1.15
"746","090360","25.9","3.91",0.2
"747","090410","8.83","1.29",0
"748","090460","13.18","4.02",0
"749","090470","2.14","1.24",4.57
"750","090710","15.24","2.55",0
"751","090740","-","0.99",0
"752","090850","35.21","3.32",0.72
"753","091120","44.16","1.65",0.62
"754","091340","11.1","0.71",0
"755","091440","31.52","0.87",0
"756","091580","59.52","3.8",0.4
"757","091590","19.26","1.16",0.78
"758","091700","416.67","1.75",1.75
"759","091970","-","2.03",0
"760","091990","59.77","6.16",0
"761","092040","-","8.6",0
"762","092070","7.02","1.16",3.4
"763","092130","18.07","4.69",3.24
"764","092300","10.14","0.74",2.85
"765","092460","40.65","1.1",0.79
"766","092600","-","2.04",0
"767","092730","29.56","7.57",1.04
"768","092870","7.55","0.83",1.93
"769","093190","5.29","0.85",2.45
"770","093320","18.78","2.21",0.86
"771","093380","18.56","0.84",1.56
"772","093520","7.23","1.6",2.56
"773","093640","-","6.65",0
"774","093920","31.71","0.63",5.77
"775","094170","-","2.79",0.37
"776","094190","-","1.41",0
"777","094360","-","2.08",0
"778","094480","26.03","1.88",0.88
"779","094820","6.43","1.23",3.45
"780","094840","16.25","0.66",0
"781","094850","10.4","1.76",2.17
"782","094860","169.67","1.67",0
"783","094940","148.66","6.04",0.14
"784","094970","7.13","1.27",0
"785","095190","-","3.66",0
"786","095270","612.5","6.25",0
"787","095340","7.67","0.84",3.68
"788","095500","8.74","0.66",0
"789","095610","5.97","1.73",2.41
"790","095660","-","1.13",0
"791","095700","-","14.73",0
"792","095910","-","0.81",0.81
"793","096040","-","0.71",0
"794","096240","23.09","2.35",3.83
"795","096350","-","1.41",0
"796","096530","132.68","3.81",0
"797","096610","-","1.05",0.34
"798","096630","8.28","1.48",0
"799","096640","-","0.68",0
"800","096690","-","0.51",0
"801","096870","-","1.73",0
"802","097520","-","2.68",1.64
"803","097780","19.82","1.23",0
"804","097800","-","1.51",0
"805","097870","26.46","1.79",0
"806","098120","-","0.62",0
"807","098460","42.92","7.33",0.81
"808","098660","-","0.64",0.78
"809","099190","23.04","2.23",0.38
"810","099220","23.33","1.19",0
"811","099320","19.11","1.99",2.07
"812","099410","-","1.03",0
"813","099440","207.14","0.76",1.72
"814","099520","-","1.4",0
"815","100030","34.91","1.27",0
"816","100090","0.89","0.54",0
"817","100120","17.1","2.67",0.59
"818","100130","24.58","0.69",3.11
"819","100590","30.43","3.51",0
"820","100660","47.2","1.89",0.58
"821","100700","18.84","2.25",1
"822","101000","-","0.98",0
"823","101160","13.87","1.83",0.68
"824","101170","-","0.72",0.55
"825","101240","12.33","1.21",1.85
"826","101330","6.78","0.52",2.22
"827","101390","-","0.84",0
"828","101400","-","3.43",0
"829","101490","31.57","1.26",1
"830","101670","9.7","1.19",0.48
"831","101680","-","0.26",0
"832","101730","-","0.93",0
"833","101930","4.96","0.36",0.89
"834","102120","-","1.44",1.23
"835","102210","-","0.49",4.55
"836","102710","8.79","1.22",0.62
"837","102940","-","1.61",0
"838","103230","-","1.87",0
"839","104040","23.38","1.16",0
"840","104200","-","1.67",0
"841","104460","-","1.27",0
"842","104480","12.04","1.02",0
"843","104540","-","1.19",0
"844","104620","10.74","3.44",0
"845","104830","15.33","1.33",0
"846","105330","-","0.72",0
"847","105550","-","3.07",0
"848","105740","165.32","1.04",0.98
"849","106080","-","0.56",0
"850","106190","51.52","1.06",0.66
"851","106240","-","1.12",0
"852","106520","-","0.3",0
"853","108230","2.59","1.18",0
"854","108320","13.86","1.58",1.75
"855","108380","10.75","0.7",0
"856","108490","61.38","3.99",0
"857","108790","21.98","1.09",2.7
"858","108860","-","2.21",0
"859","109080","24.51","1.46",0.82
"860","109610","520.83","1.42",0
"861","109740","-","2.32",0.27
"862","109820","-","5.52",0
"863","109860","18.76","0.75",1.28
"864","109960","-","0.68",0
"865","110020","-","142.98",0
"866","110790","6.72","1.85",0
"867","110990","12.07","1.09",0
"868","111710","16.64","1.21",1.23
"869","111820","50","0.55",0
"870","111870","42.75","1.85",7.31
"871","112040","68.6","2.28",1.49
"872","112240","-","1.46",0
"873","113810","-","0.52",0
"874","114120","-","0.5",0
"875","114190","-","1.07",0
"876","114450","33.07","1.18",4.78
"877","114570","10.49","1.34",0
"878","114630","-","0.8",4.63
"879","114810","22.37","0.94",0
"880","115160","-","0.37",0
"881","115440","14.77","1",1.88
"882","115450","-","16.73",0
"883","115500","46.81","3.15",1.88
"884","115180","-","11.69",0
"885","115310","5.23","1.09",4.32
"886","115480","-","1.07",0
"887","115530","-","1.85",0
"888","115570","-","0.52",1.5
"889","115610","-","1.08",0
"890","115960","40.61","1.7",0
"891","117670","-","3.49",0
"892","117730","5.5","5.2",0
"893","118990","5.26","0.97",2.99
"894","119500","17.32","1.02",1.67
"895","119610","14.13","2.69",1.23
"896","119830","48.78","2.84",0.71
"897","119850","14.13","1.26",1.18
"898","119860","20.23","3.61",1.08
"899","120240","11.12","0.85",2.01
"900","121440","-","0.33",3.01
"901","121600","27.08","2.27",0.75
"902","121800","2.07","1.07",0
"903","121850","-","1.06",0
"904","121890","-","0.86",0
"905","122310","15.48","3.52",0
"906","122350","8.47","0.78",3.01
"907","122450","6.05","1.17",0
"908","122640","7.71","2.08",0
"909","122690","-","0.43",0
"910","122800","-","1.59",0
"911","122870","43.22","2.45",0.35
"912","122990","8.52","1.84",1.48
"913","123010","-","2.07",0
"914","123040","-","0.91",2.54
"915","123100","4.16","1.13",1.88
"916","123260","-","1.09",0
"917","123330","-","1.13",0
"918","123410","42.64","0.74",1.95
"919","123420","16.76","1.84",0
"920","123570","13.87","1.23",1.25
"921","123750","-","1.43",0
"922","123840","2.73","0.65",0
"923","123860","310.96","3.02",0.88
"924","124500","57.19","1.8",0
"925","126600","12.66","0.73",2.06
"926","126640","14.77","0.59",1.54
"927","126700","7.17","1.6",1.15
"928","126870","-","2.4",0
"929","126880","-","1.96",0.63
"930","127120","109.78","2.29",0
"931","127160","-","1.76",0
"932","127710","7.32","0.85",0
"933","128540","11.31","0.87",0
"934","128660","11.94","1.58",3.88
"935","130500","13.65","0.75",2.83
"936","130580","17.36","2.89",1.33
"937","130740","18.22","0.5",0
"938","131030","12.8","1.93",0.99
"939","131090","18.93","2.61",0.59
"940","131100","-","6.96",0
"941","131180","25.85","1.18",2.2
"942","131220","36.69","1.55",0.96
"943","131290","5.85","0.67",0
"944","131370","46.98","2.7",0
"945","131390","24.52","3.36",0
"946","131400","43.72","1.68",0.77
"947","131760","-","0.5",0
"948","131970","21.07","2.9",0.53
"949","133750","-","1.05",1.84
"950","134060","-","1.3",0
"951","134580","-","1.36",0
"952","134780","-","0.97",0
"953","136480","7.75","0.87",0
"954","136510","13.49","1.28",0.65
"955","136540","16.67","1.58",2.5
"956","137400","21.34","1.53",0
"957","137940","-","2.41",0.25
"958","137950","518.75","1.2",1.45
"959","138070","11.13","0.84",1.9
"960","138080","-","2.46",0.47
"961","138360","-","3.11",0
"962","138580","24.89","5.07",1.06
"963","138610","-","5.01",0
"964","138690","-","7.26",0
"965","139050","-","1.1",0
"966","139670","-","3.98",0
"967","140070","6.03","1.11",2.31
"968","140410","-","16.44",0
"969","140520","33.53","0.66",2.74
"970","140670","32.91","3.01",0.77
"971","140860","53.6","8.02",0.22
"972","141000","12.65","1.42",0.79
"973","141020","21.01","2.37",0
"974","141070","-","1.04",0
"975","141080","-","11.96",0
"976","142210","20.47","2",1.08
"977","142280","-","5.58",0
"978","142760","-","6.33",0
"979","143160","25.16","1.65",0.86
"980","143240","61.61","2.94",0.31
"981","143540","-","0.47",0
"982","144510","482","10.53",0.1
"983","144960","8.03","1.24",1.55
"984","145020","16.43","1.98",0
"985","147760","10.12","1.17",0
"986","147830","12.21","1.9",0.99
"987","148140","18.35","2.55",1.27
"988","148250","82.52","3",0.3
"989","149940","-","0.37",0
"990","149950","6.24","0.68",3.33
"991","149980","89.83","1.84",0.06
"992","150840","-","4.5",0
"993","150900","58.93","2.35",0
"994","151860","10.44","0.84",2.93
"995","151910","-","110.43",0
"996","153460","-","1.2",0
"997","153490","-","0.79",0
"998","153710","-","11.39",0
"999","154030","39.93","5.25",0
"1000","154040","4,020","0.61",0
"1001","155650","8.25","1.94",4.1
"1002","156100","-","1.82",0
"1003","158310","-","0.88",0
"1004","159580","-","3.26",0
"1005","159910","-","1.82",0
"1006","160550","-","1.08",0
"1007","160600","94.75","1.83",0
"1008","160980","4.73","0.97",2.77
"1009","161570","-","1.17",0
"1010","161580","7.64","1.47",3.57
"1011","166090","16.92","4.12",1.34
"1012","166480","-","3.26",0
"1013","168330","-","4.29",0
"1014","170030","6.81","0.44",1.33
"1015","170790","-","0.94",0
"1016","170920","-","0.97",1.36
"1017","171010","49.51","2.59",0
"1018","171090","9.61","1.17",0
"1019","171120","44.55","1.6",3.19
"1020","173130","11.97","2.26",0
"1021","173940","-","2.05",0
"1022","174880","-","3.29",0
"1023","174900","-","18.3",0
"1024","175140","-","1.86",0
"1025","175250","385.45","11.91",0
"1026","176440","-","1.12",0
"1027","178320","37.82","2.17",0.53
"1028","178920","32.21","4.25",2.23
"1029","179290","57.33","6.27",0
"1030","179900","11.13","2.54",2.17
"1031","177350","10","1.12",3.32
"1032","177830","73.36","1.02",0
"1033","178780","-","1.45",0
"1034","180400","-","5.05",0
"1035","181340","102.18","1.14",0
"1036","182360","-","10.15",0
"1037","182400","-","8.79",0
"1038","182690","-","1.23",0
"1039","183300","12.07","3.51",1.18
"1040","183490","-","26.69",0
"1041","184230","24.18","1.12",0.93
"1042","185490","-","6.99",0
"1043","187220","26.49","1.36",0
"1044","187270","4.93","0.64",0.6
"1045","187420","101.28","2.67",0
"1046","187790","-","1.22",0
"1047","187870","8.26","1.57",1.24
"1048","189300","37.39","1.99",0.56
"1049","189690","7.33","0.94",1.62
"1050","189860","20.1","1.67",0
"1051","189980","19.73","0.94",0.68
"1052","190510","-","2.45",0
"1053","191410","2.4","1.15",0
"1054","191420","-","8.94",0
"1055","192080","27.09","2.6",0.59
"1056","192250","-","1.75",0.77
"1057","192390","11.93","0.92",1.66
"1058","192410","-","0.32",0
"1059","192440","9.63","1.79",0.78
"1060","193250","-","1.38",0
"1061","194480","-","0.71",0
"1062","194510","-","0.1",0
"1063","194700","16.59","3.02",1.14
"1064","195440","-","3.13",0
"1065","195990","-","0.56",0
"1066","196170","-","10.38",0
"1067","196300","167.58","3.18",0
"1068","196450","-","1.68",0
"1069","196490","105.83","2.89",1.31
"1070","196700","-","0.94",0
"1071","197140","10","1.56",0
"1072","197210","-","6.29",0
"1073","198440","97.84","1.43",1.52
"1074","200130","17.43","4.73",0.59
"1075","200230","-","5.62",0
"1076","200470","108.16","2.28",0
"1077","200670","23.01","2.56",2.18
"1078","200710","654.76","3.21",0
"1079","200780","22.49","2.36",0.42
"1080","201490","76.71","3.46",0
"1081","203450","24.88","1.45",2.25
"1082","203650","-","6.99",0
"1083","203690","-","7.55",0
"1084","204020","9.03","1.29",2.8
"1085","204620","-","2.4",0
"1086","204630","-","1.9",0
"1087","204840","-","18.1",0
"1088","204990","23.41","0.75",0
"1089","205100","-","2.29",0
"1090","205470","-","2.52",0
"1091","205500","-","2.79",0
"1092","206400","-","2.79",0
"1093","206560","-","3.84",0
"1094","206640","-","4.1",0.42
"1095","206650","-","8.54",0
"1096","207760","24.78","2.41",0.52
"1097","208140","7.27","1.83",0
"1098","208340","-","172.99",0
"1099","208350","10.67","1.68",0.6
"1100","208370","-","1.76",0
"1101","208640","-","3.56",0
"1102","208710","16.93","1.39",0
"1103","208860","3,410","6.83",0
"1104","211270","1,276","1.17",0
"1105","212560","10.44","0.6",1.46
"1106","213090","9.53","0.93",1.39
"1107","213420","26.75","3.67",0
"1108","214150","-","10.36",0.13
"1109","214180","18.14","3.19",1.13
"1110","214270","227.5","4.29",0
"1111","214310","-","2.22",0
"1112","214370","31.27","3.44",1.62
"1113","214430","13.04","1.95",1.49
"1114","214450","28.46","2.09",0.76
"1115","214680","-","2.68",0
"1116","214870","-","1.93",0
"1117","215000","3.23","1.35",5.88
"1118","215090","175.71","1.26",0
"1119","215100","-","1.69",1.03
"1120","215200","40.87","2.21",0.76
"1121","215360","26.64","3.19",0.29
"1122","215380","-","2.77",0
"1123","215480","89.69","2.53",0
"1124","215600","-","24.76",0
"1125","215790","33.18","2.41",0
"1126","216050","15.59","2.13",0
"1127","217190","-","0.67",0
"1128","217270","6.36","2.58",0
"1129","217330","-","10.55",0
"1130","217480","15.3","2.12",1.49
"1131","217500","570","1.2",0
"1132","217600","-","3.29",0
"1133","217620","44.68","3.87",0
"1134","217730","-","14.08",0
"1135","217820","57.64","2.4",0
"1136","218150","-","2.27",0
"1137","218410","93.17","4.89",0.18
"1138","219130","8.18","0.78",0
"1139","219420","19.87","5.48",0
"1140","219550","12.66","2.28",11.85
"1141","219750","15.06","2.92",0
"1142","220100","-","2.68",0
"1143","220180","-","1.77",0
"1144","220260","53.04","2.12",0
"1145","220630","21.24","4.24",1.09
"1146","221610","-","1.23",0
"1147","221840","145.38","1.37",0
"1148","221980","7.85","0.78",3.86
"1149","222040","55.45","4.08",0
"1150","222080","-","3",0
"1151","222110","-","4.22",0
"1152","222420","46.48","2.85",0
"1153","222800","11.36","0.9",3.41
"1154","222810","-","6.15",0
"1155","222980","47.44","2.12",0.41
"1156","223310","-","4.35",0
"1157","224060","-","1.79",0
"1158","224110","5.11","1.19",1.18
"1159","225190","7.09","3.54",10.28
"1160","225330","13.16","2.66",10.36
"1161","225430","1,203.33","1.92",0
"1162","225530","23.06","3.6",2.7
"1163","225570","-","9.8",0
"1164","225590","-","0.85",0
"1165","225650","-","1.12",0
"1166","226340","138.06","1.27",0
"1167","226350","-","1.33",0
"1168","226360","39.18","4.7",1.19
"1169","226400","-","3.62",0
"1170","226440","-","0.84",0
"1171","226950","-","17.56",0
"1172","227100","10.18","2.9",0
"1173","227610","-","2.95",0
"1174","227950","120.88","1.12",0
"1175","228340","14.68","0.82",2.48
"1176","228850","18.98","1.59",0.59
"1177","230240","142.5","1.35",0
"1178","230360","28.35","3.08",1.85
"1179","230980","-","5.05",0
"1180","232140","15.89","2.98",0
"1181","232330","261.25","1.1",0
"1182","234100","-","2.81",0
"1183","234300","39.84","3.33",0.16
"1184","234920","26.56","1.62",0
"1185","236200","19.63","1.84",0
"1186","237690","9.04","1.16",2.28
"1187","237750","16.84","1.16",0
"1188","237880","34.67","2.08",0.61
"1189","238090","30.57","3.07",1.54
"1190","238120","-","2.14",0
"1191","238200","39.06","4.2",0
"1192","238490","6.18","1.63",1.23
"1193","239340","174.17","1.07",0
"1194","239610","46.95","4.39",0.44
"1195","240810","10.23","3.11",0.85
"1196","241520","33.44","3.02",0
"1197","241690","28.75","3.23",0
"1198","241710","31.4","2.75",0.68
"1199","241770","4.66","1.55",3.26
"1200","241790","9.43","2.09",0
"1201","241820","-","4.76",0
"1202","242040","190.56","0.93",0
"1203","243070","18.3","5.02",0.85
"1204","243840","37.1","3.5",0.27
"1205","245620","-","16.59",0
"1206","246690","32.76","2.29",0.6
"1207","246710","-","6.23",0
"1208","246720","-","5.66",0
"1209","246960","-","20.61",0
"1210","250000","6.84","1.24",0
"1211","250060","-","5.4",0
"1212","250930","341.67","1.05",0
"1213","251370","20.74","2.57",0
"1214","251630","14.56","2.91",0
"1215","252500","-","2.61",0.37
"1216","253450","89.65","7.18",0
"1217","253590","-","-",NA
"1218","254120","200.91","1.18",0
"1219","255220","9.73","3.16",0.43
"1220","255440","14.96","2.52",0
"1221","256630","409","1.07",0
"1222","256840","128.12","1.05",0
"1223","256940","16.03","1.67",0
"1224","257370","17.1","7.31",0
"1225","257730","297.14","1.13",0
"1226","258610","37.22","1.49",0
"1227","258790","-","1.1",0
"1228","258830","21.45","3.19",0
"1229","259630","17.75","3.04",0
"1230","260660","25.47","4.74",0.74
"1231","260930","13.33","1.46",1.3
"1232","261200","295.71","1.08",0
"1233","262830","413","1.08",0
"1234","263020","16.02","0.8",0
"1235","263050","-","11.88",0
"1236","263540","43.68","0.95",0
"1237","263600","4.7","0.92",0
"1238","263690","17.89","4.62",1.08
"1239","263700","19.36","4.19",0
"1240","263720","41.04","6.12",0
"1241","263750","134.17","8.25",0
"1242","263770","-","3.28",0
"1243","263800","48.56","1.68",0
"1244","263810","10.03","1.76",8.77
"1245","263860","13.13","1.63",1.82
"1246","263920","194.38","6.2",0
"1247","264290","-","1.1",0
"1248","264450","15.38","2.78",1.36
"1249","264660","4.25","1.36",2.6
"1250","264850","1,047.5","1.08",0
"1251","265480","412","1.13",0
"1252","265520","20.82","4.96",0
"1253","265560","9.92","1.41",0.81
"1254","265920","2,060","1.09",0
"1255","267320","-","1.07",0
"1256","267790","17.28","6.01",0
"1257","267980","16.79","2.07",0.58
"1258","268600","-","30.43",0
"1259","269620","7.19","1.68",0.67
"1260","270520","1,040","1.13",0
"1261","270870","47.42","17.28",0
"1262","271740","-","1.12",0
"1263","272290","26.15","3.62",0
"1264","273060","295.71","1.12",0
"1265","275630","19.12","5.27",1.97
"1266","276920","-","1.26",0
"1267","277070","23.19","3.3",0
"1268","277410","-","1.08",0
"1269","277480","1,020","1.12",0
"1270","278280","25.5","4.94",0
"1271","279410","-","1.09",0
"1272","281410","-","1.11",0
"1273","281740","-","1.13",0
"1274","284620","-","-",NA
"1275","285490","18.95","4.98",0
"1276","287410","-","-",NA
"1277","288620","44.25","20.41",0
"1278","289080","14.65","3.87",0
"1279","290120","5.74","1.54",0
"1280","290270","7.85","2.89",0
"1281","290380","23.68","4.41",0
"1282","290550","5.97","4.54",0
"1283","290650","31.04","7.76",0
"1284","290660","-","-",0
"1285","290670","39.79","21.68",0
"1286","290720","29.22","16.83",0.26
"1287","290740","5.3","2.12",0
"1288","291210","-","-",NA
"1289","291230","-","-",NA
"1290","293580","5.82","0.65",0
"1291","297570","-","-",NA
"1292","298380","-","-",0
"1293","299170","-","-",NA
"1294","299900","106.99","12.49",0
"1295","299910","14.27","74.92",0
"1296","302430","81.25","15.21",0
"1297","303030","-","-",NA
"1298","306620","-","-",NA
"1299","307070","-","-",NA
"1300","307160","-","-",NA
"1301","307180","-","-",NA
"1302","307280","-","-",NA
"1303","307750","-","-",NA
"1304","307870","-","-",NA
"1305","309930","-","-",NA
"1306","310200","-","-",NA
"1307","310840","-","-",NA
"1308","310870","-","-",NA
"1309","311270","-","-",NA
"1310","000020","5.8","0.93",1.52
"1311","000040","-","1.5",0
"1312","000050","12.35","0.45",1.58
"1313","000060","6.65","1.45",4.88
"1314","000070","17.86","0.56",2.3
"1315","000075","-","-",4.27
"1316","000080","95.05","1.01",4.62
"1317","000087","-","-",5.8
"1318","000100","26.31","1.99",0.81
"1319","000105","-","-",0.95
"1320","000120","99.38","1.71",0
"1321","000140","-","0.38",1.88
"1322","000145","-","-",2.46
"1323","000150","51.39","0.98",5.2
"1324","000155","-","-",7.16
"1325","000157","-","-",7
"1326","000180","35.66","0.3",0
"1327","000210","7.66","0.74",1.03
"1328","000215","-","-",2.75
"1329","000220","15.27","1.16",1.53
"1330","000225","-","-",2.72
"1331","000227","-","-",1.06
"1332","000230","193.94","0.81",1.56
"1333","000240","8.68","0.51",1.87
"1334","000270","14.56","0.53",2.28
"1335","000300","-","1.15",0
"1336","000320","3.33","0.48",3.28
"1337","000325","-","-",2.35
"1338","000370","3.57","0.53",2.77
"1339","000390","82.2","0.61",2.6
"1340","000400","5","0.66",0.74
"1341","000430","14.1","0.67",2.32
"1342","000480","19.99","0.61",4.15
"1343","000490","14.18","0.73",0.91
"1344","000500","53.93","0.31",3.13
"1345","000520","-","2.48",0.68
"1346","000540","3.96","0.5",0
"1347","000545","-","-",0
"1348","000547","-","-",0
"1349","000590","12.86","0.35",0.76
"1350","000640","20.05","0.72",0.94
"1351","000650","4.08","2.35",19.74
"1352","000660","4.89","1.59",1.36
"1353","000670","5.42","0.48",1.3
"1354","000680","10.38","0.37",0
"1355","000700","-","1.03",0
"1356","000720","34.97","1.09",0.79
"1357","000725","-","-",0.23
"1358","000760","-","0.56",0
"1359","000810","12.82","1.24",3.43
"1360","000815","-","-",5.57
"1361","000880","5.9","0.71",1.81
"1362","00088K","-","-",4.25
"1363","000850","11.1","0.35",2.84
"1364","000860","7.67","0.37",2.01
"1365","000885","-","-",3.07
"1366","000890","17.79","1.91",0
"1367","000910","13.18","0.5",4.21
"1368","000950","-","0.21",2.63
"1369","000970","19.42","0.96",1.87
"1370","000990","5.13","1.27",1.92
"1371","000995","-","-",0.83
"1372","001020","-","0.9",0
"1373","001040","8.2","1.07",1.15
"1374","001045","-","-",2.69
"1375","001060","-","3.4",0.66
"1376","001065","-","-",1.15
"1377","001067","-","-",0.61
"1378","001070","-","0.46",0
"1379","001080","21.72","0.34",0.79
"1380","001120","11.3","0.57",1.42
"1381","001130","6.02","0.44",1.08
"1382","001140","-","1.28",0
"1383","001200","4.74","0.38",0
"1384","001210","-","0.7",0
"1385","001230","169.18","0.35",1.21
"1386","001250","11.11","0.64",0.88
"1387","001260","102.3","4.04",0
"1388","001270","5.49","0.58",5.76
"1389","001275","-","-",6.44
"1390","001290","-","1",0
"1391","001340","17.44","0.98",0.87
"1392","001360","-","1.36",0
"1393","001380","347.5","1.01",0
"1394","001390","49.34","0.95",1.88
"1395","001420","57.86","1.51",1.23
"1396","001430","5.27","0.37",4.8
"1397","001440","-","3.11",0
"1398","001450","6.6","1.11",3.9
"1399","001460","32.37","0.5",0.35
"1400","001465","-","-",0.81
"1401","001470","-","0.42",0
"1402","001500","5.7","0.34",4.1
"1403","001510","13.23","0.59",0
"1404","001515","-","-",0
"1405","001520","25.9","0.57",2.48
"1406","001525","-","-",1.04
"1407","001527","-","-",1.34
"1408","001529","-","-",0.47
"1409","001530","-","0.31",0.79
"1410","001550","130.3","3.27",0
"1411","001560","12.6","0.93",2.67
"1412","001570","4.43","1.72",0
"1413","001620","-","0.28",0
"1414","001630","6.79","0.81",1.36
"1415","001680","18.23","1.11",1.87
"1416","001685","-","-",3.89
"1417","001720","7.53","0.88",4.61
"1418","001725","-","-",5.04
"1419","001740","45.07","0.64",1.96
"1420","001745","-","-",0.26
"1421","001750","18.84","0.34",5.02
"1422","001755","-","-",5.16
"1423","001770","-","0.74",0.44
"1424","001780","17.91","1.11",1.62
"1425","001790","16.06","0.42",2.78
"1426","001795","-","-",4.79
"1427","001799","-","-",2.42
"1428","001800","0.5","0.67",3.05
"1429","001820","43.92","10.13",0.23
"1430","001880","3.68","0.74",0
"1431","001940","16.25","0.33",1.82
"1432","002020","4.54","0.58",1.49
"1433","002025","-","-",3.03
"1434","002030","5.69","0.42",1.15
"1435","002070","39.58","0.35",3.04
"1436","002100","34.86","2.43",1.49
"1437","002140","12.43","0.73",1.35
"1438","002150","36.65","1.84",1.47
"1439","002170","5.34","0.49",1.69
"1440","002200","-","0.39",2.39
"1441","002210","-","6.9",0
"1442","002220","4.14","0.28",1.58
"1443","002240","23.71","0.41",1.25
"1444","002250","31.52","1.94",0
"1445","002270","8.61","1.1",3.42
"1446","002300","9.58","0.2",1.53
"1447","002310","59.43","0.65",1.35
"1448","002320","-","0.73",0.92
"1449","002350","7.76","0.74",1.05
"1450","002355","-","-",2.72
"1451","002360","13.72","1.24",3.64
"1452","002380","74.14","0.57",2.86
"1453","002390","71.48","1.24",0.95
"1454","002410","43.8","1.11",0
"1455","002420","305.58","1.23",0
"1456","002450","-","0.8",2.62
"1457","002460","4.03","0.53",5.99
"1458","002600","11.02","1.03",2.89
"1459","002620","0.18","0.66",0.24
"1460","002630","-","1.7",0
"1461","002690","40","0.42",0.27
"1462","002700","11.34","1.91",1.32
"1463","002710","31.18","0.5",0
"1464","002720","73.41","1.25",0.22
"1465","002760","114.52","3.33",0.29
"1466","002780","12.23","3.92",0
"1467","002785","-","-",0
"1468","002787","-","-",0
"1469","002790","27.26","1.97",0.54
"1470","002795","-","-",1.23
"1471","002810","9.48","0.88",1.78
"1472","002820","-","0.29",0
"1473","002840","7.75","1.1",0
"1474","002870","42.58","1.11",0
"1475","002880","63.95","1.05",1.65
"1476","002900","99.78","1.13",0.65
"1477","002920","11.77","0.28",4.2
"1478","002960","17.96","4.38",5.07
"1479","002990","4.67","1.15",4.02
"1480","002995","-","-",2.03
"1481","003000","128.99","7.28",0.82
"1482","003010","41.12","0.93",0.41
"1483","003030","11.26","0.24",3.28
"1484","003060","-","2.74",0
"1485","003070","13.33","0.44",1.87
"1486","003075","-","-",1.3
"1487","003080","12.19","0.71",9.97
"1488","003090","13.04","2.14",0.5
"1489","003120","48.57","0.78",0.79
"1490","003160","6.87","1.07",2.28
"1491","003200","14.36","0.34",1.52
"1492","003220","30.7","2",1.52
"1493","003230","17.96","2.58",0.37
"1494","003240","8.83","0.6",0.13
"1495","003280","-","0.49",0
"1496","003300","7.32","0.3",2.83
"1497","003350","31.59","3.68",0.26
"1498","003410","11.11","1.79",3.09
"1499","003415","-","-",3.3
"1500","003460","20.77","0.42",4.65
"1501","003465","-","-",5.2
"1502","003470","9.69","0.64",0
"1503","003475","-","-",0
"1504","003480","-","0.3",0
"1505","003490","4.06","0.93",0.71
"1506","003495","-","-",2.03
"1507","003520","660","10.09",0
"1508","003530","7.87","0.49",0
"1509","003535","-","-",0
"1510","003540","7.06","0.53",5.35
"1511","003545","-","-",7.58
"1512","003547","-","-",7.45
"1513","003550","5.6","0.84",1.7
"1514","003555","-","-",3.06
"1515","003560","128.06","1.48",0
"1516","003570","-","0.39",0
"1517","003580","-","2.18",0
"1518","003610","13.79","0.56",2.12
"1519","003620","-","0.92",0
"1520","003650","10.6","0.54",2.19
"1521","003680","12.39","0.62",2.37
"1522","003690","8.29","0.49",3.39
"1523","003720","-","0.52",0
"1524","003780","30.66","1.49",3.18
"1525","003830","6","0.31",0.76
"1526","003850","7.68","1.81",1.56
"1527","003920","106.21","0.62",0.16
"1528","003925","-","-",0.5
"1529","003960","4.82","0.65",0.65
"1530","004000","14.5","1.1",1.57
"1531","004020","9.17","0.4",1.5
"1532","004060","-","0.89",0
"1533","004080","31.78","1.17",1.9
"1534","004090","10.54","0.71",1.26
"1535","004100","-","0.61",0.32
"1536","004105","-","-",0.28
"1537","004140","-","0.67",0.51
"1538","004150","-","0.49",1.01
"1539","004170","14.62","0.78",0.46
"1540","004200","22.82","1.74",0
"1541","004250","14.46","0.68",2.22
"1542","004255","-","-",4.24
"1543","004270","37.09","0.84",1.23
"1544","004310","83.87","1.48",0.96
"1545","004360","9.84","0.4",1.3
"1546","004365","-","-",2.75
"1547","004370","17.51","0.91",1.46
"1548","004380","9.82","1.55",2.99
"1549","004410","200","2.53",0
"1550","004415","-","-",0
"1551","004430","14.78","1.37",0.64
"1552","004440","34.97","0.54",0.58
"1553","004450","10.3","0.75",3.01
"1554","004490","8.22","0.63",1.01
"1555","004540","-","0.69",0
"1556","004545","-","-",0
"1557","004560","8.26","0.45",0.93
"1558","004565","-","-",0.2
"1559","004690","26.4","0.32",3.06
"1560","004700","6.19","1.09",0
"1561","004710","9.53","0.86",0
"1562","004720","21.14","1.85",0
"1563","004770","82.57","2.26",0
"1564","004800","6.09","0.57",7.09
"1565","004830","105.91","0.91",0.57
"1566","004835","-","-",0.56
"1567","004840","7.15","0.39",1.5
"1568","004870","6.5","2.39",0
"1569","004890","5.62","0.42",2.88
"1570","004910","18.37","0.53",3.32
"1571","004920","-","1.12",0
"1572","004960","2.74","0.59",1.99
"1573","004970","8.45","0.47",3.57
"1574","004980","28.27","0.94",0
"1575","004985","-","-",0
"1576","004987","-","-",0
"1577","004989","-","-",0
"1578","004990","6.73","0.63",0
"1579","00499K","-","-",0
"1580","005010","25.7","0.25",3.65
"1581","005030","-","0.28",0
"1582","005070","30.99","4.08",0
"1583","005090","51.14","0.62",0.92
"1584","005110","66.51","2.54",0
"1585","005180","20.6","1.29",1.81
"1586","005190","15.02","0.78",2.02
"1587","005250","27.49","1.6",1.14
"1588","005257","-","-",1.64
"1589","005300","13.7","0.99",2.22
"1590","005305","-","-",5.2
"1591","005320","-","0.88",0
"1592","005360","19.83","0.75",2.42
"1593","005380","7.97","0.49",3.35
"1594","005385","-","-",5.66
"1595","005387","-","-",5.3
"1596","005389","-","-",5.97
"1597","005390","19.21","0.62",0
"1598","005420","11.22","2.44",0
"1599","005430","6.49","0.48",1.05
"1600","005440","10.74","0.81",0.57
"1601","005450","-","0.64",0
"1602","005490","7.79","0.54",2.98
"1603","005500","13.97","2.9",1.98
"1604","005610","24.65","3.56",0.83
"1605","005680","24.39","0.55",1.94
"1606","005690","-","12.57",0
"1607","005720","3.97","0.37",1.26
"1608","005725","-","-",2.17
"1609","005740","1.01","0.78",0.69
"1610","005745","-","-",0.75
"1611","005750","12.2","0.54",2.91
"1612","005800","13.91","0.42",1.06
"1613","005810","3.7","0.45",4.71
"1614","005820","9.94","0.46",1.33
"1615","005830","6.87","1.1",3.2
"1616","005850","7.08","0.7",2.01
"1617","005870","7.87","1.14",0
"1618","005880","4.51","0.86",0
"1619","005930","7.66","1.63",1.85
"1620","005935","-","-",2.33
"1621","005940","11.32","0.82",3.77
"1622","005945","-","-",6.3
"1623","005950","32.74","0.55",4.93
"1624","005960","1.9","0.6",0
"1625","005965","-","-",0
"1626","006040","4.58","0.84",1.76
"1627","006060","11.28","1.71",0.33
"1628","006090","3.82","0.62",1.23
"1629","006110","424.55","0.49",1.18
"1630","006120","0.95","0.33",2.57
"1631","006125","-","-",5.02
"1632","006200","8.25","0.33",2.4
"1633","006220","4.48","0.27",2.03
"1634","006260","5.24","0.66",2.23
"1635","006280","32.58","1.71",0.82
"1636","006340","199","1.75",0
"1637","006345","-","-",0
"1638","006360","-","1.04",0.65
"1639","006370","-","0.33",1.92
"1640","006380","18.12","0.85",0.89
"1641","006390","14.5","4.26",0
"1642","006400","25.19","1.55",0.4
"1643","006405","-","-",1.08
"1644","006490","-","14.3",0
"1645","006570","-","0.61",3.36
"1646","006650","5.3","0.81",2.17
"1647","006660","6.97","0.38",1.03
"1648","006740","16.57","0.81",1.12
"1649","006800","8.08","0.71",2.95
"1650","006805","-","-",5.86
"1651","00680K","-","-",0
"1652","006840","7.2","1.05",1.17
"1653","006880","-","0.39",0
"1654","006890","40.64","0.68",2.62
"1655","006980","61.74","0.53",0.88
"1656","007070","23.49","1.37",1.66
"1657","007110","1,942.5","5.93",0
"1658","007120","-","0.82",0
"1659","007160","6.56","0.76",0.34
"1660","007210","14.6","0.8",0.92
"1661","007280","3.42","0.64",0
"1662","007310","19.57","2.42",0.91
"1663","007340","12.15","0.65",2.18
"1664","007460","23.29","0.91",0
"1665","007540","10.3","0.76",0.53
"1666","007570","-","3",0
"1667","007575","-","-",0
"1668","007590","14.82","0.8",3.31
"1669","007610","62.26","1.16",0.35
"1670","007630","-","4.79",0
"1671","007660","-","1.45",1.15
"1672","007690","6.9","0.62",3.06
"1673","007700","12.87","3.26",1.04
"1674","007810","7.5","0.48",0
"1675","007815","-","-",0
"1676","00781K","-","-",0
"1677","007860","-","0.19",2.39
"1678","007980","13.43","1.08",0
"1679","008040","3.68","1.13",0
"1680","008060","12.34","0.99",2.84
"1681","00806K","-","-",NA
"1682","008110","58.31","0.31",0
"1683","008250","22.19","0.78",1.98
"1684","008260","7.15","0.8",1.81
"1685","008350","13.78","2.03",0
"1686","008355","-","-",0
"1687","008420","6.75","0.76",1.33
"1688","008490","13.03","1.11",1.15
"1689","008500","-","0.52",2.27
"1690","008560","7.36","1.04",4.29
"1691","008600","130.91","0.61",0
"1692","008700","-","3",0
"1693","008730","13.53","1.1",3.36
"1694","008770","117.99","4.72",0.44
"1695","008775","-","-",0.89
"1696","008870","15.75","0.73",2.19
"1697","008930","165.34","7.69",0.25
"1698","008970","-","3.27",0
"1699","009070","14.16","0.69",0.83
"1700","009140","-","0.86",0.82
"1701","009150","52.13","2.04",0.67
"1702","009155","-","-",1.76
"1703","009160","5.5","0.34",2.86
"1704","009180","10.64","0.65",1.9
"1705","009190","6.16","4.67",0
"1706","009200","5.19","0.34",0.75
"1707","009240","15.63","3.92",1.42
"1708","009270","-","1.08",0
"1709","009275","-","-",0
"1710","009290","12.87","0.98",1.09
"1711","009310","9.56","1.78",0
"1712","009320","43.85","3.34",0
"1713","009410","9.46","1.03",0.72
"1714","009415","-","-",1.52
"1715","009420","333.77","17.87",0
"1716","009440","18.23","0.59",2.6
"1717","009450","23.94","2.49",0.4
"1718","009460","17.27","2.91",0.58
"1719","009470","17.71","4.23",0.31
"1720","009540","2.99","0.68",0
"1721","009580","10.91","0.71",2.35
"1722","009680","19.18","0.91",3.2
"1723","009770","8.38","0.48",2.86
"1724","009810","-","1.16",0
"1725","009830","4.34","0.6",1.61
"1726","009835","-","-",3.31
"1727","009970","10.42","0.99",0.93
"1728","010040","16.75","1.7",0.27
"1729","010050","18.64","1.81",0
"1730","010060","10.15","0.71",1.95
"1731","010100","-","0.25",0
"1732","010120","14.62","1.37",2.1
"1733","010130","12.24","1.38",2.3
"1734","010140","-","0.67",0
"1735","010145","-","-",0
"1736","010400","4.24","0.95",3.42
"1737","010420","13.54","0.93",0.92
"1738","010580","-","2.09",0
"1739","010600","-","2.91",0
"1740","010620","5.56","1.1",0
"1741","010640","43.89","1.3",0
"1742","010660","73.3","0.39",0.46
"1743","010690","-","0.26",1.91
"1744","010770","-","0.61",2.17
"1745","010780","5.33","0.98",3.25
"1746","010820","43.46","2.08",0
"1747","010950","10.04","1.83",5.49
"1748","010955","-","-",8.33
"1749","010960","6.7","0.88",2.78
"1750","011000","-","2.88",0
"1751","011070","14.42","1.29",0.23
"1752","011090","38.21","1.5",2.01
"1753","011150","19.72","1.51",0
"1754","011155","-","-",0
"1755","011160","-","0.15",0
"1756","011170","4.9","0.96",3.27
"1757","011200","-","1.58",0
"1758","011210","-","0.35",1.5
"1759","011230","-","4.41",0
"1760","011280","-","1.06",0.17
"1761","011300","-","0.45",0
"1762","011330","15.43","2.6",0
"1763","011390","60.77","3.8",0.14
"1764","011420","-","1.3",0
"1765","011500","7.58","0.62",3.24
"1766","011690","106.1","3.61",0
"1767","011700","17.21","1.05",2.57
"1768","011760","16.75","1.21",1.82
"1769","011780","11.76","1.63",1.11
"1770","011785","-","-",3.22
"1771","011790","12.76","1.03",2.27
"1772","011810","0.76","7.17",0
"1773","011930","-","2.43",0
"1774","012030","-","1.21",0
"1775","012160","-","0.85",0.6
"1776","012170","-","1.1",0
"1777","012200","14.98","0.71",1.44
"1778","012205","-","-",0.57
"1779","012280","14.49","1",1.94
"1780","012320","2.26","0.31",1.06
"1781","012330","12.62","0.69",1.67
"1782","012450","-","0.79",0
"1783","012510","31.81","6.92",0.93
"1784","012600","-","0.98",0
"1785","012610","69.11","1.29",0.8
"1786","012630","3.31","0.49",5.24
"1787","012690","36.42","2.15",2.43
"1788","012750","24.18","3.22",2.44
"1789","012800","6.14","0.58",2.45
"1790","013000","106.05","1.48",0
"1791","013360","-","1.43",0
"1792","013520","-","0.49",1.23
"1793","013570","7.22","0.46",2.03
"1794","013580","4.16","0.67",0
"1795","013700","8.08","1.17",1.3
"1796","013870","13.79","0.71",1.17
"1797","014130","9.19","0.98",1.56
"1798","014160","-","1.12",0
"1799","014280","4.44","0.44",2.08
"1800","014285","-","-",1.51
"1801","014440","2.63","0.57",2.53
"1802","014530","8.07","0.84",4.46
"1803","014580","15.56","0.77",3.12
"1804","014680","18.64","3.21",1.1
"1805","014710","6.13","0.57",1.02
"1806","014790","9.61","0.63",1.95
"1807","014820","11.09","2.05",1.63
"1808","014825","-","-",2.67
"1809","014830","10.38","0.63",2.38
"1810","014910","-","2.4",0
"1811","014915","-","-",0
"1812","014990","230.77","2.66",0
"1813","015020","-","0.75",0
"1814","015230","6.85","0.51",2.38
"1815","015260","-","0.58",0
"1816","015350","8.81","0.75",1.26
"1817","015360","9.26","0.39",3.61
"1818","015540","-","4.19",0
"1819","015590","-","0.85",0
"1820","015760","16.31","0.3",2.39
"1821","015860","-","0.74",0
"1822","015890","15.84","0.95",3.37
"1823","016090","9.47","0.7",1.87
"1824","016360","10.69","0.68",2.99
"1825","016380","-","1.57",0
"1826","016385","-","-",0
"1827","016450","11.38","1.28",2.42
"1828","016580","10.56","1.44",1.6
"1829","016590","9.66","0.99",0.55
"1830","016610","44.86","0.33",2.08
"1831","016710","5","0.26",3.82
"1832","016740","7.57","0.7",3.14
"1833","016800","13.3","0.93",2.57
"1834","016880","69.57","0.49",0
"1835","017040","-","1.62",0
"1836","017180","17.69","1.42",1.77
"1837","017370","-","1.05",0.3
"1838","017390","8.9","0.46",2.1
"1839","017550","36.07","1.18",0
"1840","017670","7.11","1.18",3.85
"1841","017800","33.02","3.7",0.4
"1842","017810","8.44","1.24",1.32
"1843","017900","43.55","0.67",2.09
"1844","017940","4.01","0.34",3.42
"1845","017960","446.11","1.14",1.25
"1846","018250","24.62","7.96",0.8
"1847","018260","33.04","3.15",0.88
"1848","018470","-","0.36",1.47
"1849","018500","-","0.62",0
"1850","018670","7.06","0.5",3.19
"1851","018880","22.74","3.32",2.48
"1852","019170","195.71","2.11",0
"1853","019175","-","-",0
"1854","019180","14.94","1.25",1.9
"1855","019440","5.15","0.4",5.17
"1856","019490","-","0.66",0
"1857","019680","14.1","1.02",3.65
"1858","019685","-","-",5.6
"1859","020000","14.81","0.97",0.96
"1860","020120","-","2.81",0
"1861","020150","43.37","3.86",1.46
"1862","020560","3.43","0.75",0
"1863","020760","6.7","1.43",2.4
"1864","021050","30.25","0.65",0
"1865","021240","19.4","6.63",3.68
"1866","021820","-","0.18",1.32
"1867","023000","10.89","0.61",3.84
"1868","023150","6.59","0.7",5.64
"1869","023350","-","0.63",1.51
"1870","023450","60.23","1.74",0.3
"1871","023530","-","0.42",2.74
"1872","023590","8.29","0.93",1.37
"1873","023800","-","0.64",1.85
"1874","023810","-","0.44",2.9
"1875","023960","-","1.7",0
"1876","024070","748.75","0.39",0
"1877","024090","7.95","0.83",4.22
"1878","024110","6.45","0.47",4.39
"1879","024720","21.48","2.06",0.51
"1880","024890","50","1.11",0
"1881","024900","61.96","0.78",0
"1882","025000","9.9","0.61",3.64
"1883","025530","3","0.35",5.91
"1884","025540","10.54","0.78",1.39
"1885","025560","-","1.85",0
"1886","025620","9.68","2.24",0
"1887","025750","36.36","0.84",1.25
"1888","025820","6.37","0.65",3.74
"1889","025860","24.82","1.64",0.58
"1890","025890","-","0.45",0
"1891","026890","34.84","2",1.07
"1892","026940","28.58","0.59",2.26
"1893","026960","15.29","1.54",3.71
"1894","027390","-","0.76",0
"1895","027410","0.11","0.38",2.38
"1896","027740","-","1.13",0
"1897","027970","-","2.42",0
"1898","028050","-","3.02",0
"1899","028100","12.52","1.39",1.06
"1900","028260","29.9","0.98",1.72
"1901","02826K","-","-",2.84
"1902","028670","16.18","0.97",0
"1903","029460","5.8","0.99",1.16
"1904","029530","15.29","0.58",3.35
"1905","029780","9.48","0.56",4.48
"1906","030000","20.28","3.46",2.99
"1907","030200","14.59","0.63",3.52
"1908","030210","7.34","0.48",0
"1909","030610","4.46","0.41",3.2
"1910","030720","7.22","1.01",0
"1911","030790","-","2.39",0
"1912","031430","65.11","3.17",0.27
"1913","031440","17.52","1.15",0.8
"1914","031820","64.58","0.97",0
"1915","032350","223.13","4.39",0
"1916","032560","7.81","0.72",0.89
"1917","032640","11.85","1.24",2.69
"1918","032830","13.89","0.61",2.22
"1919","033180","84.72","4.24",0.41
"1920","033240","10.21","0.91",3.14
"1921","033250","-","0.84",0
"1922","033270","13.15","1.99",1.21
"1923","033530","-","0.38",1.41
"1924","033660","9.65","0.72",18.87
"1925","033780","10.73","1.75",4.04
"1926","033920","8.21","0.8",2.32
"1927","034020","-","0.33",0
"1928","034120","28.12","0.79",1.05
"1929","034220","3.91","0.49",2.54
"1930","034300","3.89","0.71",2.66
"1931","034310","13.47","1.27",0.7
"1932","034590","8.75","0.75",4.29
"1933","034730","9.15","1.43",1.46
"1934","03473K","-","-",2.86
"1935","034830","3.82","0.92",3.84
"1936","035000","9.34","0.86",3.08
"1937","035150","20.05","1.47",1.31
"1938","035250","14.68","1.94",3.12
"1939","035420","23.78","4.37",0.23
"1940","035510","24.36","1.51",0.68
"1941","035720","62.42","1.69",0.15
"1942","036460","-","0.64",0
"1943","036530","31.1","0.35",1.54
"1944","036570","21.51","3.6",1.63
"1945","036580","7.41","0.96",1.22
"1946","037270","-","1.29",0
"1947","037560","25.76","0.75",0.78
"1948","037710","6.84","0.56",0.61
"1949","039130","57.59","3.83",2.22
"1950","039490","7.42","1.17",1.61
"1951","039570","7.59","0.92",2.28
"1952","041650","3.59","0.55",3.98
"1953","042660","4.47","1",0
"1954","042670","12.44","1.02",0
"1955","042700","46.05","2.63",2.82
"1956","044380","-","1.1",0
"1957","044450","6.1","0.7",3.37
"1958","044820","54.6","0.73",0.46
"1959","047040","8.27","0.97",0
"1960","047050","13.4","0.85",2.58
"1961","047400","-","0.93",2.48
"1962","047810","-","3.05",0
"1963","049770","20.66","1.79",0.91
"1964","049800","90.41","0.82",0
"1965","051600","11.93","1.79",4.08
"1966","051630","-","2.15",0
"1967","051900","33.81","7.24",0.74
"1968","051905","-","-",1.28
"1969","051910","15.37","1.89",1.54
"1970","051915","-","-",2.83
"1971","052690","47.13","2.2",0.84
"1972","053210","9.49","0.95",3.06
"1973","053690","14.4","1.42",1.93
"1974","055490","12.82","1.2",0
"1975","055550","7.01","0.62",3.38
"1976","057050","9.93","0.81",1.63
"1977","058430","6.9","0.57",3.62
"1978","058650","2.82","0.2",2.11
"1979","058730","7.96","1.23",2.59
"1980","058850","14.94","0.7",3.15
"1981","058860","11.54","0.61",2.82
"1982","060980","10.55","0.49",3.17
"1983","063160","14.72","0.85",1.74
"1984","064350","-","1.82",0
"1985","064960","8.69","0.69",2.96
"1986","066570","7.55","0.99",0.55
"1987","066575","-","-",1.54
"1988","067830","4.98","0.4",1.31
"1989","068270","68.25","11.29",0
"1990","068290","48.37","1.86",0.92
"1991","068400","20.45","1.05",0
"1992","069260","7.52","1.58",6.68
"1993","069460","29.46","5.46",0
"1994","069620","66.34","4.53",0.3
"1995","069640","13.7","0.65",2.51
"1996","069730","20.46","0.79",0.56
"1997","069960","8.49","0.57",0.84
"1998","070960","33.1","1.37",0.86
"1999","071050","7.09","0.99",2.58
"2000","071055","-","-",4.59
"2001","071090","7.31","0.45",1.14
"2002","071320","9.84","0.38",4.75
"2003","071840","7.83","0.57",3.76
"2004","071950","-","2.51",0
"2005","071970","0.02","0.14",0
"2006","072130","-","1.47",0
"2007","072710","9.47","0.45",2.41
"2008","073240","-","0.84",0
"2009","074610","-","10.86",0
"2010","075180","7.68","0.46",2.82
"2011","075580","90.71","1.09",0.67
"2012","077500","16.45","1.17",1.33
"2013","077970","-","2.1",0
"2014","078000","15.02","1.27",4.1
"2015","078520","26.12","1.05",0
"2016","078930","5.17","0.66",3.35
"2017","078935","-","-",5.05
"2018","079160","-","3.14",0.77
"2019","079430","10.08","1.08",0.46
"2020","079440","8.19","0.76",7.06
"2021","079550","-","1.41",1.3
"2022","079660","5.41","0.51",0
"2023","079980","12.51","0.73",3.52
"2024","081000","56.45","4.44",0.66
"2025","081660","48.3","3.81",0.1
"2026","082640","3.82","0.34",7.1
"2027","082740","-","0.66",0
"2028","083420","29.56","0.68",11.01
"2029","084010","4.81","0.35",4.55
"2030","084670","-","0.74",2.87
"2031","084680","59.05","1.7",0
"2032","084690","11.75","0.6",2.19
"2033","084695","-","-",3.25
"2034","084870","-","0.39",0
"2035","085310","-","1.15",0
"2036","085620","3.22","0.4",3.42
"2037","086280","7.91","1.35",2.09
"2038","086790","5.79","0.49",3.92
"2039","088350","5.65","0.4",3.27
"2040","088790","6.16","0.57",5.74
"2041","089470","4.81","0.55",2.49
"2042","089590","12.03","2.83",1.69
"2043","090080","-","1.41",0
"2044","090350","6.17","0.61",2.82
"2045","090355","-","-",2.02
"2046","090370","-","1.8",0
"2047","090430","32.57","3.09",0.69
"2048","090435","-","-",1.25
"2049","091090","-","1.26",0
"2050","091810","6.34","6.89",0
"2051","092200","114.19","0.96",0.71
"2052","092220","122.5","0.62",0.98
"2053","092230","6.15","0.42",6.34
"2054","092440","13.04","0.51",3.85
"2055","092780","7.19","1.01",1.54
"2056","093050","10.26","0.69",1.93
"2057","093230","34.33","0.37",0
"2058","093240","-","0.7",0
"2059","093370","26.44","4.43",0
"2060","094280","13.76","2.15",4.63
"2061","095570","15.69","0.81",1.71
"2062","095720","5.98","0.51",4.56
"2063","096760","8.97","2.91",0.99
"2064","096770","8.33","0.97",4.26
"2065","096775","-","-",6.47
"2066","097230","-","0.22",0
"2067","097950","12.76","1.44",0.9
"2068","097955","-","-",2.35
"2069","100220","5.13","0.47",4.62
"2070","100250","14.62","0.49",5.23
"2071","100840","21.73","0.43",0
"2072","101060","70","0.48",0
"2073","101140","-","9.58",0
"2074","101530","40.57","1.15",1.32
"2075","102260","23.81","0.82",3.77
"2076","102280","1.01","0.48",0
"2077","102460","20.54","1.18",2.13
"2078","103130","32.91","0.42",0
"2079","103140","5.43","0.63",2.74
"2080","103590","-","0.43",1.63
"2081","104700","-","0.37",3.15
"2082","105560","5.54","0.57",4.17
"2083","105630","22.45","2.08",1.82
"2084","105840","-","0.99",0
"2085","107590","10.65","0.72",0
"2086","108670","10.02","0.69",2.64
"2087","108675","-","-",5.75
"2088","109070","-","5.87",0
"2089","111110","21.47","0.81",1.32
"2090","111770","15.06","1.34",0.8
"2091","112610","12.51","1.76",1.14
"2092","114090","18.05","2.73",3.11
"2093","115390","30.2","1.68",0.67
"2094","117580","10.02","0.5",4.62
"2095","118000","-","3.22",0
"2096","119650","10.58","0.93",1.83
"2097","120030","7.04","1.18",1.64
"2098","120110","11.41","0.72",2
"2099","120115","-","-",4.87
"2100","122900","40.05","0.84",3.95
"2101","123690","49.8","3.39",0
"2102","123700","9.2","0.32",3.89
"2103","123890","3.94","0.97",4.54
"2104","126560","10.76","0.72",1.18
"2105","128820","0.61","0.54",0
"2106","128940","92.02","7.91",0.1
"2107","129260","13.36","0.38",4.22
"2108","130660","9.64","1.89",4.8
"2109","133820","90.14","1.01",0
"2110","134380","6.54","1.07",2.44
"2111","134790","215.76","3.65",0
"2112","136490","3.69","0.84",0
"2113","138040","4.87","0.88",4.11
"2114","138250","7.93","1.07",1.52
"2115","138490","14.12","1.27",1.84
"2116","138930","6.06","0.34",3.16
"2117","139130","4.89","0.38",3.89
"2118","139480","8.28","0.61",0.98
"2119","143210","6.37","0.46",1.47
"2120","144620","-","1.16",0
"2121","145210","-","0.7",0
"2122","145720","19.75","4.98",0.21
"2123","145990","18.29","0.64",1.93
"2124","145995","-","-",3.32
"2125","152330","6.08","0.85",5.15
"2126","155660","9.13","0.72",0.79
"2127","161000","4.94","1.07",3.45
"2128","161390","8.49","0.8",0.97
"2129","161890","34.38","5.33",0.39
"2130","163560","82.17","0.51",1.17
"2131","170900","-","1.53",0.47
"2132","175330","5.05","0.39",1.64
"2133","180640","6.94","1.01",0.48
"2134","18064K","-","-",0.85
"2135","181710","87.15","0.98",0
"2136","183190","8.32","0.66",1.09
"2137","185750","20.44","2.74",0.85
"2138","192400","2.43","2.06",2.96
"2139","192820","75.92","6.57",0.21
"2140","194370","30.09","1.16",2.21
"2141","195870","10.32","1.37",2.06
"2142","200880","3.92","0.2",3.03
"2143","204320","302.45","1.07",0.65
"2144","207940","-","6.4",0
"2145","210540","5.49","1.31",1.18
"2146","210980","8.89","1.87",2.01
"2147","213500","9.74","0.8",3.4
"2148","214320","22.9","2.09",1.42
"2149","214330","13.17","0.72",1.13
"2150","214390","14.65","1.86",2.27
"2151","214420","-","2.05",0.38
"2152","226320","16.26","1.51",1.99
"2153","227840","13.42","0.92",2.79
"2154","229640","14.8","1.62",2.58
"2155","234080","22.36","3.68",2.11
"2156","241560","11.6","0.92",2.53
"2157","241590","14.12","2.48",0.33
"2158","248170","12.49","1.25",0.64
"2159","249420","23.44","1.63",1.94
"2160","251270","29.94","2.3",0.31
"2161","264900","10.7","1.21",2.27
"2162","26490K","-","-",3.11
"2163","267250","4.72","0.76",0
"2164","267260","18.32","0.61",0
"2165","267270","9.98","0.93",0
"2166","267290","10.01","0.61",1.99
"2167","267850","8.74","1.24",2.95
"2168","268280","20.54","1.91",0.73
"2169","271560","59.36","3.43",0.53
"2170","271980","633.56","3.82",0.15
"2171","272450","7.68","2.7",1.2
"2172","272550","9.87","1.12",0
"2173","280360","350.62","0.86",0.17
"2174","281820","27.53","1.5",1.16
"2175","282330","120.44","8.67",0.51
"2176","282690","800","0.51",0
"2177","284740","372.76","2.39",0
"2178","285130","-","1.4",0
"2179","28513K","-","-",0
"2180","286940","-","-",NA
"2181","293480","12.1","4.06",0.91
"2182","294870","-","-",NA
"2183","298000","-","-",NA
"2184","298020","-","-",NA
"2185","298040","-","-",NA
"2186","298050","-","-",NA
"2187","298690","7.58","1.86",2.2
"2188","300720","-","-",NA
"2189","306200","-","-",NA
"2190","316140","-","-",NA
